user,item,rating,timestamp,event_time
A2V0KUVAB9HSYO,B000002URX,4.8,1778549938,2026-05-12 04:39:38.907
A3Q1J7VFGG80EK,B000002URV,4.9,1778549941,2026-05-12 04:39:38.907
A2V0KUVAB9HSYO,B000002URW,4.6,1778549944,2026-05-12 04:39:38.907
A2IR4Q0GPAFJKW,5555991584,4.6,1778549945,2026-05-12 04:39:38.907
A3Q1J7VFGG80EK,B000002URY,4.6,1778549950,2026-05-12 04:39:38.907
A2EFCYXHNK06IS,B000002URV,4.9,1778549953,2026-05-12 04:39:38.907
A1WR23ER5HMAA9,B000002URV,4.8,1778549954,2026-05-12 04:39:38.907
A2IR4Q0GPAFJKW,B000002URV,4.7,1778549954,2026-05-12 04:39:38.907
A1WR23ER5HMAA9,B000002URY,4.9,1778549957,2026-05-12 04:39:38.907
A2EFCYXHNK06IS,B000002URV,4.9,1778549963,2026-05-12 04:39:38.907
A2IR4Q0GPAFJKW,B000002URV,4.8,1778549968,2026-05-12 04:39:38.907
A1J0GL9HCA7ELW,B000002URW,4.7,1778549971,2026-05-12 04:39:38.907
A2V0KUVAB9HSYO,5555991584,5.0,1778549936,2026-05-12 04:39:38.907
A3Q1J7VFGG80EK,5555991584,4.6,1778549940,2026-05-12 04:39:38.907
A340XJYJDFSMUG,B000002URV,4.6,1778549941,2026-05-12 04:39:38.907
A2IR4Q0GPAFJKW,B000002URV,4.6,1778549943,2026-05-12 04:39:38.907
A1WR23ER5HMAA9,B000002URV,4.7,1778549944,2026-05-12 04:39:38.907
A2V0KUVAB9HSYO,B000002URW,4.8,1778549947,2026-05-12 04:39:38.907
A2V0KUVAB9HSYO,5555991584,4.8,1778549948,2026-05-12 04:39:38.907
A340XJYJDFSMUG,5555991584,4.7,1778549962,2026-05-12 04:39:38.907
A2V0KUVAB9HSYO,B000002URX,4.6,1778549966,2026-05-12 04:39:38.907
A1J0GL9HCA7ELW,B000002URX,5.0,1778549967,2026-05-12 04:39:38.907
A1WR23ER5HMAA9,B000002URW,4.7,1778549970,2026-05-12 04:39:38.907
A1J0GL9HCA7ELW,B000002URY,4.7,1778549974,2026-05-12 04:39:38.907
A2IR4Q0GPAFJKW,B000002URW,4.6,1778549982,2026-05-12 04:40:04.175
A3Q1J7VFGG80EK,B000002URX,4.6,1778549984,2026-05-12 04:40:04.175
A1WR23ER5HMAA9,B000002URV,4.9,1778549986,2026-05-12 04:40:04.175
A3EBHHCHO6V2A4,B000002URX,4.6,1778549990,2026-05-12 04:40:04.175
A2EFCYXHNK06IS,B000002URV,4.7,1778549997,2026-05-12 04:40:04.175
A2V0KUVAB9HSYO,B000002URW,4.8,1778549997,2026-05-12 04:40:04.175
A1J0GL9HCA7ELW,B000002URV,4.9,1778550001,2026-05-12 04:40:04.175
A2IR4Q0GPAFJKW,5555991584,4.8,1778550002,2026-05-12 04:40:04.175
A3EBHHCHO6V2A4,B000002URX,4.8,1778549984,2026-05-12 04:40:04.175
A2IR4Q0GPAFJKW,B000002URY,4.8,1778549995,2026-05-12 04:40:04.175
A2EFCYXHNK06IS,5555991584,4.6,1778550004,2026-05-12 04:40:04.175
A3EBHHCHO6V2A4,B000002URV,4.7,1778550007,2026-05-12 04:40:31.439
A2EFCYXHNK06IS,B000002URY,4.7,1778550014,2026-05-12 04:40:31.439
A340XJYJDFSMUG,B000002URY,4.7,1778550028,2026-05-12 04:40:31.439
A340XJYJDFSMUG,B000002URY,4.9,1778550028,2026-05-12 04:40:31.439
A2EFCYXHNK06IS,B000002URV,5.0,1778550008,2026-05-12 04:40:31.439
A3Q1J7VFGG80EK,B000002URX,4.6,1778550009,2026-05-12 04:40:31.439
A1WR23ER5HMAA9,B000002URV,4.6,1778550015,2026-05-12 04:40:31.439
A3Q1J7VFGG80EK,B000002URX,4.9,1778550017,2026-05-12 04:40:31.439
A340XJYJDFSMUG,5555991584,4.9,1778550018,2026-05-12 04:40:31.439
A2V0KUVAB9HSYO,B000002URX,4.6,1778550020,2026-05-12 04:40:31.439
A3Q1J7VFGG80EK,B000002URY,4.7,1778550023,2026-05-12 04:40:31.439
A2V0KUVAB9HSYO,B000002URX,4.8,1778550029,2026-05-12 04:40:31.439
A3EBHHCHO6V2A4,B000002URW,4.6,1778550030,2026-05-12 04:40:31.439
A1J0GL9HCA7ELW,B000002URV,4.9,1778550031,2026-05-12 04:41:04.029
A340XJYJDFSMUG,B000002URV,4.6,1778550034,2026-05-12 04:41:04.029
A2V0KUVAB9HSYO,B000002URY,4.6,1778550043,2026-05-12 04:41:04.029
A2IR4Q0GPAFJKW,B000002URW,4.6,1778550046,2026-05-12 04:41:04.029
A1WR23ER5HMAA9,B000002URV,4.7,1778550050,2026-05-12 04:41:04.029
A2IR4Q0GPAFJKW,B000002URV,4.6,1778550057,2026-05-12 04:41:04.029
A3EBHHCHO6V2A4,B000002URX,4.7,1778550060,2026-05-12 04:41:04.029
A2EFCYXHNK06IS,B000002URV,4.8,1778550062,2026-05-12 04:41:04.029
A1J0GL9HCA7ELW,B000002URV,4.8,1778550031,2026-05-12 04:41:04.029
A2EFCYXHNK06IS,B000002URX,4.8,1778550032,2026-05-12 04:41:04.029
A2V0KUVAB9HSYO,B000002URV,4.7,1778550036,2026-05-12 04:41:04.029
A3EBHHCHO6V2A4,B000002URY,4.8,1778550040,2026-05-12 04:41:04.029
A3EBHHCHO6V2A4,B000002URV,4.8,1778550049,2026-05-12 04:41:04.029
A2EFCYXHNK06IS,5555991584,4.6,1778550051,2026-05-12 04:41:04.029
A2V0KUVAB9HSYO,B000002URV,4.8,1778550056,2026-05-12 04:41:04.029
A3EBHHCHO6V2A4,B000002URV,4.9,1778550057,2026-05-12 04:41:04.029
A2EFCYXHNK06IS,B000002URY,4.6,1778550059,2026-05-12 04:41:04.029
A2EFCYXHNK06IS,B000002URX,4.9,1778550068,2026-05-12 04:41:30.534
A2V0KUVAB9HSYO,5555991584,4.8,1778550085,2026-05-12 04:41:30.534
A1WR23ER5HMAA9,B000002URV,4.7,1778550068,2026-05-12 04:41:30.534
A2V0KUVAB9HSYO,B000002URY,4.9,1778550069,2026-05-12 04:41:30.534
A2V0KUVAB9HSYO,B000002URX,4.7,1778550072,2026-05-12 04:41:30.534
A2V0KUVAB9HSYO,B000002URX,5.0,1778550073,2026-05-12 04:41:30.534
A3EBHHCHO6V2A4,B000002URV,4.7,1778550086,2026-05-12 04:41:30.534
A340XJYJDFSMUG,B000002URY,4.6,1778550089,2026-05-12 04:41:30.534
A1J0GL9HCA7ELW,5555991584,4.6,1778550093,2026-05-12 04:41:58.971
A1WR23ER5HMAA9,B000002URW,4.8,1778550094,2026-05-12 04:41:58.971
A3EBHHCHO6V2A4,5555991584,4.6,1778550098,2026-05-12 04:41:58.971
A1J0GL9HCA7ELW,5555991584,4.8,1778550101,2026-05-12 04:41:58.971
A3EBHHCHO6V2A4,5555991584,4.6,1778550105,2026-05-12 04:41:58.971
A2IR4Q0GPAFJKW,B000002URY,4.8,1778550112,2026-05-12 04:41:58.971
A2V0KUVAB9HSYO,B000002URY,4.7,1778550113,2026-05-12 04:41:58.971
A2EFCYXHNK06IS,5555991584,4.7,1778550114,2026-05-12 04:41:58.971
A340XJYJDFSMUG,B000002URW,4.8,1778550114,2026-05-12 04:41:58.971
A1WR23ER5HMAA9,B000002URX,4.6,1778550116,2026-05-12 04:41:58.971
A1J0GL9HCA7ELW,B000002URX,4.9,1778550117,2026-05-12 04:41:58.971
A2V0KUVAB9HSYO,B000002URV,4.9,1778550118,2026-05-12 04:41:58.971
A3EBHHCHO6V2A4,B000002URW,4.9,1778550118,2026-05-12 04:41:58.971
A3EBHHCHO6V2A4,B000002URW,4.6,1778550094,2026-05-12 04:41:58.971
A3Q1J7VFGG80EK,5555991584,4.8,1778550095,2026-05-12 04:41:58.971
A3EBHHCHO6V2A4,5555991584,4.6,1778550097,2026-05-12 04:41:58.971
A1J0GL9HCA7ELW,B000002URY,4.6,1778550100,2026-05-12 04:41:58.971
A340XJYJDFSMUG,B000002URX,5.0,1778550104,2026-05-12 04:41:58.971
A2IR4Q0GPAFJKW,B000002URW,5.0,1778550106,2026-05-12 04:41:58.971
A3Q1J7VFGG80EK,B000002URX,4.6,1778550107,2026-05-12 04:41:58.971
A2V0KUVAB9HSYO,B000002URX,4.6,1778550108,2026-05-12 04:41:58.971
A3EBHHCHO6V2A4,B000002URV,4.6,1778550108,2026-05-12 04:41:58.971
A1WR23ER5HMAA9,5555991584,4.9,1778550115,2026-05-12 04:41:58.971
A3EBHHCHO6V2A4,B000002URW,4.8,1778550117,2026-05-12 04:41:58.971
A1J0GL9HCA7ELW,B000002URW,4.7,1778550121,2026-05-12 04:42:31.178
A3Q1J7VFGG80EK,B000002URW,4.8,1778550123,2026-05-12 04:42:31.178
A2IR4Q0GPAFJKW,B000002URV,4.9,1778550136,2026-05-12 04:42:31.178
A1J0GL9HCA7ELW,B000002URX,4.8,1778550140,2026-05-12 04:42:31.178
A2V0KUVAB9HSYO,B000002URW,4.9,1778550142,2026-05-12 04:42:31.178
A2IR4Q0GPAFJKW,B000002URY,4.9,1778550143,2026-05-12 04:42:31.178
A2IR4Q0GPAFJKW,B000002URW,4.9,1778550119,2026-05-12 04:42:31.178
A1WR23ER5HMAA9,B000002URV,4.8,1778550131,2026-05-12 04:42:31.178
A3EBHHCHO6V2A4,5555991584,4.9,1778550135,2026-05-12 04:42:31.178
A3EBHHCHO6V2A4,B000002URX,4.9,1778550149,2026-05-12 04:42:31.178
A2IR4Q0GPAFJKW,5555991584,4.9,1778550153,2026-05-12 04:43:04.220
A340XJYJDFSMUG,5555991584,4.8,1778550158,2026-05-12 04:43:04.220
A2IR4Q0GPAFJKW,B000002URW,4.9,1778550160,2026-05-12 04:43:04.220
A340XJYJDFSMUG,B000002URY,4.6,1778550162,2026-05-12 04:43:04.220
A1J0GL9HCA7ELW,B000002URX,4.6,1778550162,2026-05-12 04:43:04.220
A1J0GL9HCA7ELW,B000002URX,4.7,1778550163,2026-05-12 04:43:04.220
A2V0KUVAB9HSYO,B000002URV,4.8,1778550163,2026-05-12 04:43:04.220
A2EFCYXHNK06IS,B000002URW,4.9,1778550164,2026-05-12 04:43:04.220
A2EFCYXHNK06IS,B000002URW,4.8,1778550165,2026-05-12 04:43:04.220
A3EBHHCHO6V2A4,B000002URY,4.8,1778550166,2026-05-12 04:43:04.220
A2IR4Q0GPAFJKW,B000002URV,4.7,1778550171,2026-05-12 04:43:04.220
A1WR23ER5HMAA9,B000002URX,4.9,1778550173,2026-05-12 04:43:04.220
A2EFCYXHNK06IS,B000002URW,4.8,1778550176,2026-05-12 04:43:04.220
A2IR4Q0GPAFJKW,B000002URW,4.7,1778550183,2026-05-12 04:43:04.220
A340XJYJDFSMUG,B000002URY,5.0,1778550159,2026-05-12 04:43:04.220
A3Q1J7VFGG80EK,B000002URX,4.9,1778550168,2026-05-12 04:43:04.220
A1J0GL9HCA7ELW,B000002URV,4.6,1778550168,2026-05-12 04:43:04.220
A2EFCYXHNK06IS,B000002URV,4.7,1778550172,2026-05-12 04:43:04.220
A2IR4Q0GPAFJKW,B000002URY,4.7,1778550181,2026-05-12 04:43:04.220
A3Q1J7VFGG80EK,B000002URY,4.6,1778550187,2026-05-12 04:43:35.166
A3EBHHCHO6V2A4,B000002URX,4.7,1778550188,2026-05-12 04:43:35.166
A1J0GL9HCA7ELW,B000002URW,4.7,1778550190,2026-05-12 04:43:35.166
A3Q1J7VFGG80EK,B000002URY,4.8,1778550203,2026-05-12 04:43:35.166
A3Q1J7VFGG80EK,B000002URW,4.7,1778550209,2026-05-12 04:43:35.166
A2V0KUVAB9HSYO,B000002URW,4.7,1778550184,2026-05-12 04:43:35.166
A3EBHHCHO6V2A4,B000002URY,4.8,1778550189,2026-05-12 04:43:35.166
A2IR4Q0GPAFJKW,B000002URX,4.9,1778550192,2026-05-12 04:43:35.166
A3Q1J7VFGG80EK,B000002URX,5.0,1778550193,2026-05-12 04:43:35.166
A3Q1J7VFGG80EK,B000002URX,4.9,1778550198,2026-05-12 04:43:35.166
A1WR23ER5HMAA9,B000002URY,4.9,1778550199,2026-05-12 04:43:35.166
A340XJYJDFSMUG,B000002URY,4.9,1778550204,2026-05-12 04:43:35.166
A3Q1J7VFGG80EK,B000002URY,4.9,1778550213,2026-05-12 04:43:35.166
A340XJYJDFSMUG,B000002URW,4.6,1778550217,2026-05-12 04:44:13.928
A1J0GL9HCA7ELW,B000002URV,4.8,1778550222,2026-05-12 04:44:13.928
A2EFCYXHNK06IS,B000002URY,4.6,1778550225,2026-05-12 04:44:13.928
A340XJYJDFSMUG,5555991584,4.9,1778550228,2026-05-12 04:44:13.928
A2V0KUVAB9HSYO,B000002URV,4.8,1778550229,2026-05-12 04:44:13.928
A340XJYJDFSMUG,B000002URY,4.6,1778550235,2026-05-12 04:44:13.928
A3Q1J7VFGG80EK,B000002URY,4.6,1778550236,2026-05-12 04:44:13.928
A1J0GL9HCA7ELW,B000002URW,4.6,1778550253,2026-05-12 04:44:13.928
A1WR23ER5HMAA9,B000002URY,4.6,1778550216,2026-05-12 04:44:13.928
A3EBHHCHO6V2A4,B000002URW,4.8,1778550229,2026-05-12 04:44:13.928
A2V0KUVAB9HSYO,B000002URV,5.0,1778550230,2026-05-12 04:44:13.928
A3EBHHCHO6V2A4,B000002URY,4.7,1778550235,2026-05-12 04:44:13.928
A340XJYJDFSMUG,B000002URV,4.9,1778550240,2026-05-12 04:44:13.928
A340XJYJDFSMUG,5555991584,4.9,1778550243,2026-05-12 04:44:13.928
A1WR23ER5HMAA9,B000002URX,4.7,1778550246,2026-05-12 04:44:13.928
A3EBHHCHO6V2A4,B000002URV,4.8,1778550247,2026-05-12 04:44:13.928
A2V0KUVAB9HSYO,5555991584,4.8,1778550247,2026-05-12 04:44:13.928
A2V0KUVAB9HSYO,B000002URY,4.6,1778550256,2026-05-12 04:44:40.238
A2EFCYXHNK06IS,B000002URX,4.8,1778550262,2026-05-12 04:44:40.238
A1WR23ER5HMAA9,B000002URX,5.0,1778550264,2026-05-12 04:44:40.238
A340XJYJDFSMUG,B000002URV,5.0,1778550272,2026-05-12 04:44:40.238
A2EFCYXHNK06IS,B000002URV,4.6,1778550276,2026-05-12 04:44:40.238
A2IR4Q0GPAFJKW,B000002URX,4.6,1778550255,2026-05-12 04:44:40.238
A1WR23ER5HMAA9,B000002URW,4.7,1778550258,2026-05-12 04:44:40.238
A3Q1J7VFGG80EK,B000002URY,4.6,1778550268,2026-05-12 04:44:40.238
A1WR23ER5HMAA9,B000002URX,5.0,1778550282,2026-05-12 04:45:05.309
A1WR23ER5HMAA9,B000002URY,4.9,1778550292,2026-05-12 04:45:05.309
A3EBHHCHO6V2A4,B000002URY,4.6,1778550296,2026-05-12 04:45:05.309
A2IR4Q0GPAFJKW,B000002URV,5.0,1778550281,2026-05-12 04:45:05.309
A1WR23ER5HMAA9,B000002URV,4.7,1778550293,2026-05-12 04:45:05.309
A2V0KUVAB9HSYO,B000002URY,4.9,1778550295,2026-05-12 04:45:05.309
A2V0KUVAB9HSYO,B000002URW,4.6,1778550300,2026-05-12 04:45:05.309
A3EBHHCHO6V2A4,B000002URX,4.6,1778550303,2026-05-12 04:45:05.309
A3Q1J7VFGG80EK,5555991584,4.7,1778550307,2026-05-12 04:45:32.006
A2IR4Q0GPAFJKW,B000002URY,5.0,1778550318,2026-05-12 04:45:32.006
A2EFCYXHNK06IS,B000002URW,4.6,1778550325,2026-05-12 04:45:32.006
A3Q1J7VFGG80EK,B000002URW,4.7,1778550330,2026-05-12 04:45:32.006
A3Q1J7VFGG80EK,B000002URX,4.7,1778550305,2026-05-12 04:45:32.006
A3EBHHCHO6V2A4,5555991584,5.0,1778550307,2026-05-12 04:45:32.006
A3Q1J7VFGG80EK,5555991584,4.6,1778550310,2026-05-12 04:45:32.006
A340XJYJDFSMUG,B000002URV,4.8,1778550315,2026-05-12 04:45:32.006
A1WR23ER5HMAA9,B000002URX,4.7,1778550317,2026-05-12 04:45:32.006
A3EBHHCHO6V2A4,5555991584,5.0,1778550320,2026-05-12 04:45:32.006
A2EFCYXHNK06IS,B000002URW,4.9,1778550322,2026-05-12 04:45:32.006
A2V0KUVAB9HSYO,5555991584,4.9,1778550324,2026-05-12 04:45:32.006
A3Q1J7VFGG80EK,B000002URW,4.9,1778550336,2026-05-12 04:45:58.270
A3EBHHCHO6V2A4,B000002URX,4.7,1778550340,2026-05-12 04:45:58.270
A2EFCYXHNK06IS,B000002URY,4.9,1778550340,2026-05-12 04:45:58.270
A1WR23ER5HMAA9,B000002URX,4.9,1778550341,2026-05-12 04:45:58.270
A1J0GL9HCA7ELW,B000002URW,4.9,1778550349,2026-05-12 04:45:58.270
A2EFCYXHNK06IS,B000002URX,4.6,1778550357,2026-05-12 04:45:58.270
A340XJYJDFSMUG,B000002URV,4.6,1778550332,2026-05-12 04:45:58.270
A2IR4Q0GPAFJKW,B000002URX,4.8,1778550338,2026-05-12 04:45:58.270
A340XJYJDFSMUG,5555991584,4.7,1778550339,2026-05-12 04:45:58.270
A1WR23ER5HMAA9,5555991584,4.6,1778550344,2026-05-12 04:45:58.270
A2EFCYXHNK06IS,B000002URX,4.9,1778550347,2026-05-12 04:45:58.270
A2EFCYXHNK06IS,B000002URY,4.9,1778550348,2026-05-12 04:45:58.270
A1WR23ER5HMAA9,B000002URY,4.9,1778550350,2026-05-12 04:45:58.270
A2V0KUVAB9HSYO,B000002URW,4.7,1778550351,2026-05-12 04:45:58.270
A3Q1J7VFGG80EK,B000002URY,4.6,1778550353,2026-05-12 04:45:58.270
A2IR4Q0GPAFJKW,B000002URW,5.0,1778550362,2026-05-12 04:46:22.597
A1WR23ER5HMAA9,5555991584,4.6,1778550363,2026-05-12 04:46:22.597
A2V0KUVAB9HSYO,B000002URV,5.0,1778550370,2026-05-12 04:46:22.597
A340XJYJDFSMUG,B000002URY,4.7,1778550374,2026-05-12 04:46:22.597
A3Q1J7VFGG80EK,B000002URY,4.6,1778550376,2026-05-12 04:46:22.597
A1J0GL9HCA7ELW,B000002URW,5.0,1778550382,2026-05-12 04:46:22.597
A2IR4Q0GPAFJKW,B000002URY,5.0,1778550361,2026-05-12 04:46:22.597
A3Q1J7VFGG80EK,B000002URY,4.6,1778550361,2026-05-12 04:46:22.597
A2IR4Q0GPAFJKW,5555991584,4.9,1778550366,2026-05-12 04:46:22.597
A3EBHHCHO6V2A4,B000002URV,4.8,1778550369,2026-05-12 04:46:22.597
A340XJYJDFSMUG,B000002URW,4.8,1778550376,2026-05-12 04:46:22.597
A1J0GL9HCA7ELW,B000002URY,4.6,1778550377,2026-05-12 04:46:22.597
A2V0KUVAB9HSYO,B000002URX,4.6,1778550385,2026-05-12 04:46:53.722
A1WR23ER5HMAA9,B000002URW,4.8,1778550403,2026-05-12 04:46:53.722
A2EFCYXHNK06IS,5555991584,4.9,1778550408,2026-05-12 04:46:53.722
A1J0GL9HCA7ELW,B000002URV,4.8,1778550410,2026-05-12 04:46:53.722
A2IR4Q0GPAFJKW,B000002URY,4.7,1778550385,2026-05-12 04:46:53.722
A1J0GL9HCA7ELW,B000002URY,4.6,1778550388,2026-05-12 04:46:53.722
A3EBHHCHO6V2A4,B000002URV,4.9,1778550409,2026-05-12 04:46:53.722
A3Q1J7VFGG80EK,B000002URY,4.9,1778550414,2026-05-12 04:47:23.056
A2EFCYXHNK06IS,B000002URW,4.8,1778550426,2026-05-12 04:47:23.056
A2IR4Q0GPAFJKW,B000002URV,4.8,1778550417,2026-05-12 04:47:23.056
A3Q1J7VFGG80EK,B000002URX,4.7,1778550420,2026-05-12 04:47:23.056
A1J0GL9HCA7ELW,B000002URY,4.6,1778550421,2026-05-12 04:47:23.056
A2EFCYXHNK06IS,B000002URY,4.7,1778550424,2026-05-12 04:47:23.056
A1J0GL9HCA7ELW,B000002URX,5.0,1778550434,2026-05-12 04:47:23.056
A2EFCYXHNK06IS,B000002URW,5.0,1778550438,2026-05-12 04:47:23.056
A1J0GL9HCA7ELW,B000002URX,4.9,1778550440,2026-05-12 04:47:23.056
A340XJYJDFSMUG,B000002URY,4.6,1778550441,2026-05-12 04:47:23.056
A2IR4Q0GPAFJKW,B000002URW,4.9,1778550442,2026-05-12 04:47:23.056
A2V0KUVAB9HSYO,B000002URV,4.9,1778550442,2026-05-12 04:47:23.056
A1WR23ER5HMAA9,B000002URW,5.0,1778550445,2026-05-12 04:47:50.829
A3EBHHCHO6V2A4,B000002URY,4.8,1778550447,2026-05-12 04:47:50.829
A2V0KUVAB9HSYO,B000002URV,4.6,1778550462,2026-05-12 04:47:50.829
A2V0KUVAB9HSYO,5555991584,4.7,1778550466,2026-05-12 04:47:50.829
A2IR4Q0GPAFJKW,B000002URV,4.9,1778550467,2026-05-12 04:47:50.829
A3Q1J7VFGG80EK,B000002URW,4.9,1778550467,2026-05-12 04:47:50.829
A2IR4Q0GPAFJKW,B000002URV,4.9,1778550446,2026-05-12 04:47:50.829
A2V0KUVAB9HSYO,B000002URY,4.9,1778550447,2026-05-12 04:47:50.829
A340XJYJDFSMUG,B000002URW,4.6,1778550449,2026-05-12 04:47:50.829
A3Q1J7VFGG80EK,B000002URX,4.8,1778550452,2026-05-12 04:47:50.829
A1J0GL9HCA7ELW,B000002URW,4.8,1778550456,2026-05-12 04:47:50.829
A1J0GL9HCA7ELW,B000002URV,4.6,1778550458,2026-05-12 04:47:50.829
A3Q1J7VFGG80EK,B000002URX,4.8,1778550458,2026-05-12 04:47:50.829
A2IR4Q0GPAFJKW,B000002URX,4.9,1778550462,2026-05-12 04:47:50.829
A340XJYJDFSMUG,B000002URV,4.8,1778550468,2026-05-12 04:47:50.829
A2EFCYXHNK06IS,B000002URV,4.6,1778550468,2026-05-12 04:47:50.829
A3EBHHCHO6V2A4,5555991584,4.9,1778550469,2026-05-12 04:47:50.829
A340XJYJDFSMUG,B000002URW,4.6,1778550473,2026-05-12 04:48:21.612
A340XJYJDFSMUG,5555991584,4.8,1778550479,2026-05-12 04:48:21.612
A1J0GL9HCA7ELW,B000002URX,4.7,1778550484,2026-05-12 04:48:21.612
A340XJYJDFSMUG,B000002URX,4.9,1778550485,2026-05-12 04:48:21.612
A2V0KUVAB9HSYO,B000002URY,4.7,1778550491,2026-05-12 04:48:21.612
A2V0KUVAB9HSYO,5555991584,4.7,1778550497,2026-05-12 04:48:21.612
A3Q1J7VFGG80EK,B000002URY,4.9,1778550499,2026-05-12 04:48:21.612
A340XJYJDFSMUG,5555991584,4.7,1778550475,2026-05-12 04:48:21.612
A2EFCYXHNK06IS,5555991584,4.9,1778550477,2026-05-12 04:48:21.612
A2IR4Q0GPAFJKW,B000002URW,5.0,1778550501,2026-05-12 04:49:08.040
A3Q1J7VFGG80EK,B000002URX,4.9,1778550503,2026-05-12 04:49:08.040
A1J0GL9HCA7ELW,B000002URV,4.8,1778550505,2026-05-12 04:49:08.040
A2IR4Q0GPAFJKW,B000002URW,4.7,1778550508,2026-05-12 04:49:08.040
A3Q1J7VFGG80EK,B000002URY,4.9,1778550509,2026-05-12 04:49:08.040
A2V0KUVAB9HSYO,B000002URY,5.0,1778550513,2026-05-12 04:49:08.040
A340XJYJDFSMUG,B000002URX,4.9,1778550518,2026-05-12 04:49:08.040
A2V0KUVAB9HSYO,B000002URV,4.7,1778550520,2026-05-12 04:49:08.040
A2IR4Q0GPAFJKW,5555991584,4.8,1778550522,2026-05-12 04:49:08.040
A2EFCYXHNK06IS,B000002URW,4.8,1778550524,2026-05-12 04:49:08.040
A1J0GL9HCA7ELW,B000002URW,5.0,1778550527,2026-05-12 04:49:08.040
A1J0GL9HCA7ELW,B000002URW,4.6,1778550528,2026-05-12 04:49:08.040
A1J0GL9HCA7ELW,B000002URX,4.8,1778550538,2026-05-12 04:49:08.040
A1J0GL9HCA7ELW,B000002URW,4.9,1778550507,2026-05-12 04:49:08.040
A340XJYJDFSMUG,B000002URW,4.8,1778550511,2026-05-12 04:49:08.040
A2EFCYXHNK06IS,B000002URV,4.9,1778550520,2026-05-12 04:49:08.040
A3EBHHCHO6V2A4,B000002URV,4.7,1778550522,2026-05-12 04:49:08.040
A3Q1J7VFGG80EK,5555991584,4.8,1778550523,2026-05-12 04:49:08.040
A3Q1J7VFGG80EK,B000002URV,4.6,1778550524,2026-05-12 04:49:08.040
A2V0KUVAB9HSYO,B000002URX,4.6,1778550541,2026-05-12 04:49:08.040
A340XJYJDFSMUG,5555991584,4.6,1778550543,2026-05-12 04:49:08.040
A340XJYJDFSMUG,B000002URY,4.9,1778550544,2026-05-12 04:49:08.040
A1J0GL9HCA7ELW,B000002URY,4.9,1778550545,2026-05-12 04:49:08.040
A2IR4Q0GPAFJKW,5555991584,4.7,1778550555,2026-05-12 04:49:57.724
A3EBHHCHO6V2A4,B000002URV,4.9,1778550557,2026-05-12 04:49:57.724
A2EFCYXHNK06IS,B000002URW,4.9,1778550558,2026-05-12 04:49:57.724
A1J0GL9HCA7ELW,B000002URY,4.6,1778550558,2026-05-12 04:49:57.724
A2V0KUVAB9HSYO,B000002URY,5.0,1778550562,2026-05-12 04:49:57.724
A2V0KUVAB9HSYO,B000002URY,4.8,1778550566,2026-05-12 04:49:57.724
A2V0KUVAB9HSYO,B000002URY,4.6,1778550570,2026-05-12 04:49:57.724
A3Q1J7VFGG80EK,B000002URX,4.9,1778550571,2026-05-12 04:49:57.724
A2V0KUVAB9HSYO,B000002URW,4.8,1778550572,2026-05-12 04:49:57.724
A2EFCYXHNK06IS,B000002URW,4.8,1778550579,2026-05-12 04:49:57.724
A2EFCYXHNK06IS,5555991584,4.7,1778550579,2026-05-12 04:49:57.724
A2EFCYXHNK06IS,B000002URV,4.8,1778550586,2026-05-12 04:49:57.724
A2EFCYXHNK06IS,B000002URY,4.9,1778550548,2026-05-12 04:49:57.724
A2IR4Q0GPAFJKW,5555991584,4.6,1778550556,2026-05-12 04:49:57.724
A1J0GL9HCA7ELW,B000002URY,4.8,1778550570,2026-05-12 04:49:57.724
A2V0KUVAB9HSYO,B000002URV,4.7,1778550573,2026-05-12 04:49:57.724
A1WR23ER5HMAA9,B000002URW,4.6,1778550573,2026-05-12 04:49:57.724
A2EFCYXHNK06IS,B000002URX,4.8,1778550576,2026-05-12 04:49:57.724
A340XJYJDFSMUG,B000002URV,4.6,1778550580,2026-05-12 04:49:57.724
A2V0KUVAB9HSYO,B000002URX,4.9,1778550582,2026-05-12 04:49:57.724
A2EFCYXHNK06IS,5555991584,4.7,1778550584,2026-05-12 04:49:57.724
A3EBHHCHO6V2A4,B000002URX,4.6,1778550587,2026-05-12 04:49:57.724
A3EBHHCHO6V2A4,B000002URX,4.6,1778550591,2026-05-12 04:49:57.724
A3EBHHCHO6V2A4,B000002URX,4.8,1778550594,2026-05-12 04:49:57.724
A2V0KUVAB9HSYO,5555991584,4.6,1778550595,2026-05-12 04:49:57.724
A2IR4Q0GPAFJKW,B000002URV,4.7,1778550604,2026-05-12 04:50:42.687
A2EFCYXHNK06IS,B000002URX,4.9,1778550609,2026-05-12 04:50:42.687
A1J0GL9HCA7ELW,B000002URW,4.7,1778550609,2026-05-12 04:50:42.687
A1WR23ER5HMAA9,B000002URY,4.7,1778550614,2026-05-12 04:50:42.687
A2IR4Q0GPAFJKW,B000002URY,4.8,1778550621,2026-05-12 04:50:42.687
A2IR4Q0GPAFJKW,B000002URW,4.8,1778550624,2026-05-12 04:50:42.687
A2V0KUVAB9HSYO,B000002URV,4.8,1778550627,2026-05-12 04:50:42.687
A2EFCYXHNK06IS,B000002URX,4.7,1778550628,2026-05-12 04:50:42.687
A2IR4Q0GPAFJKW,B000002URW,4.9,1778550636,2026-05-12 04:50:42.687
A1WR23ER5HMAA9,5555991584,4.9,1778550638,2026-05-12 04:50:42.687
A1J0GL9HCA7ELW,B000002URY,4.8,1778550640,2026-05-12 04:50:42.687
A1WR23ER5HMAA9,B000002URY,4.9,1778550598,2026-05-12 04:50:42.687
A2IR4Q0GPAFJKW,B000002URX,4.8,1778550601,2026-05-12 04:50:42.687
A2EFCYXHNK06IS,B000002URW,4.9,1778550601,2026-05-12 04:50:42.687
A3EBHHCHO6V2A4,B000002URW,4.8,1778550603,2026-05-12 04:50:42.687
A2V0KUVAB9HSYO,B000002URV,4.7,1778550604,2026-05-12 04:50:42.687
A340XJYJDFSMUG,B000002URY,4.9,1778550607,2026-05-12 04:50:42.687
A2IR4Q0GPAFJKW,B000002URV,4.9,1778550617,2026-05-12 04:50:42.687
A2IR4Q0GPAFJKW,5555991584,4.7,1778550619,2026-05-12 04:50:42.687
A2V0KUVAB9HSYO,B000002URX,5.0,1778550619,2026-05-12 04:50:42.687
A1WR23ER5HMAA9,B000002URV,4.7,1778550645,2026-05-12 04:51:19.221
A2IR4Q0GPAFJKW,B000002URV,4.8,1778550653,2026-05-12 04:51:19.221
A340XJYJDFSMUG,B000002URV,4.9,1778550653,2026-05-12 04:51:19.221
A2V0KUVAB9HSYO,B000002URX,4.6,1778550655,2026-05-12 04:51:19.221
A1J0GL9HCA7ELW,B000002URW,4.9,1778550667,2026-05-12 04:51:19.221
A2EFCYXHNK06IS,B000002URY,5.0,1778550673,2026-05-12 04:51:19.221
A340XJYJDFSMUG,B000002URW,4.8,1778550679,2026-05-12 04:51:19.221
A2EFCYXHNK06IS,B000002URV,4.7,1778550643,2026-05-12 04:51:19.221
A2V0KUVAB9HSYO,B000002URW,4.6,1778550648,2026-05-12 04:51:19.221
A2IR4Q0GPAFJKW,B000002URX,4.7,1778550650,2026-05-12 04:51:19.221
A3Q1J7VFGG80EK,B000002URW,4.9,1778550655,2026-05-12 04:51:19.221
A3Q1J7VFGG80EK,B000002URX,4.7,1778550659,2026-05-12 04:51:19.221
A2V0KUVAB9HSYO,5555991584,4.7,1778550660,2026-05-12 04:51:19.221
A3EBHHCHO6V2A4,B000002URV,4.7,1778550669,2026-05-12 04:51:19.221
A1WR23ER5HMAA9,B000002URV,4.8,1778550678,2026-05-12 04:51:19.221
A2V0KUVAB9HSYO,B000002URW,4.6,1778550688,2026-05-12 04:51:59.970
A3EBHHCHO6V2A4,B000002URV,4.9,1778550689,2026-05-12 04:51:59.970
A1J0GL9HCA7ELW,B000002URV,4.9,1778550699,2026-05-12 04:51:59.970
A2EFCYXHNK06IS,5555991584,5.0,1778550704,2026-05-12 04:51:59.970
A2IR4Q0GPAFJKW,B000002URV,4.9,1778550708,2026-05-12 04:51:59.970
A1WR23ER5HMAA9,5555991584,5.0,1778550711,2026-05-12 04:51:59.970
A2V0KUVAB9HSYO,B000002URV,4.7,1778550714,2026-05-12 04:51:59.970
A2V0KUVAB9HSYO,B000002URW,4.8,1778550680,2026-05-12 04:51:59.970
A340XJYJDFSMUG,B000002URX,4.8,1778550682,2026-05-12 04:51:59.970
A340XJYJDFSMUG,B000002URX,4.7,1778550696,2026-05-12 04:51:59.970
A3EBHHCHO6V2A4,5555991584,5.0,1778550700,2026-05-12 04:51:59.970
A340XJYJDFSMUG,B000002URW,4.7,1778550702,2026-05-12 04:51:59.970
A3Q1J7VFGG80EK,B000002URY,4.8,1778550703,2026-05-12 04:51:59.970
A2IR4Q0GPAFJKW,B000002URY,4.6,1778550706,2026-05-12 04:51:59.970
A2IR4Q0GPAFJKW,B000002URV,4.7,1778550718,2026-05-12 04:51:59.970
A2EFCYXHNK06IS,B000002URV,4.6,1778550725,2026-05-12 04:52:41.794
A2EFCYXHNK06IS,B000002URW,4.8,1778550727,2026-05-12 04:52:41.794
A3EBHHCHO6V2A4,5555991584,4.9,1778550730,2026-05-12 04:52:41.794
A1J0GL9HCA7ELW,B000002URY,4.7,1778550734,2026-05-12 04:52:41.794
A3Q1J7VFGG80EK,B000002URY,4.7,1778550735,2026-05-12 04:52:41.794
A2V0KUVAB9HSYO,B000002URY,4.7,1778550737,2026-05-12 04:52:41.794
A2EFCYXHNK06IS,B000002URV,4.9,1778550743,2026-05-12 04:52:41.794
A340XJYJDFSMUG,5555991584,4.7,1778550749,2026-05-12 04:52:41.794
A1J0GL9HCA7ELW,B000002URX,4.8,1778550751,2026-05-12 04:52:41.794
A1J0GL9HCA7ELW,5555991584,4.9,1778550754,2026-05-12 04:52:41.794
A2IR4Q0GPAFJKW,5555991584,4.6,1778550723,2026-05-12 04:52:41.794
A3Q1J7VFGG80EK,5555991584,4.9,1778550723,2026-05-12 04:52:41.794
A1J0GL9HCA7ELW,B000002URW,4.6,1778550728,2026-05-12 04:52:41.794
A2IR4Q0GPAFJKW,5555991584,4.8,1778550737,2026-05-12 04:52:41.794
A3EBHHCHO6V2A4,B000002URV,4.9,1778550738,2026-05-12 04:52:41.794
A2IR4Q0GPAFJKW,B000002URY,4.7,1778550742,2026-05-12 04:52:41.794
A1J0GL9HCA7ELW,B000002URV,4.8,1778550745,2026-05-12 04:52:41.794
A2IR4Q0GPAFJKW,5555991584,4.9,1778550746,2026-05-12 04:52:41.794
A2IR4Q0GPAFJKW,5555991584,4.9,1778550751,2026-05-12 04:52:41.794
A1J0GL9HCA7ELW,5555991584,4.7,1778550752,2026-05-12 04:52:41.794
A3Q1J7VFGG80EK,B000002URV,4.7,1778550759,2026-05-12 04:52:41.794
A2V0KUVAB9HSYO,B000002URW,4.6,1778550761,2026-05-12 04:53:09.083
A3Q1J7VFGG80EK,5555991584,4.7,1778550769,2026-05-12 04:53:09.083
A2EFCYXHNK06IS,5555991584,4.7,1778550770,2026-05-12 04:53:09.083
A2EFCYXHNK06IS,B000002URW,4.6,1778550777,2026-05-12 04:53:09.083
A2EFCYXHNK06IS,B000002URY,4.8,1778550788,2026-05-12 04:53:09.083
A2EFCYXHNK06IS,B000002URW,4.6,1778550762,2026-05-12 04:53:09.083
A1WR23ER5HMAA9,5555991584,4.9,1778550766,2026-05-12 04:53:09.083
A340XJYJDFSMUG,B000002URX,4.6,1778550771,2026-05-12 04:53:09.083
A1J0GL9HCA7ELW,5555991584,4.9,1778550773,2026-05-12 04:53:09.083
A3EBHHCHO6V2A4,B000002URX,4.7,1778550775,2026-05-12 04:53:09.083
A1J0GL9HCA7ELW,B000002URV,4.6,1778550778,2026-05-12 04:53:09.083
A340XJYJDFSMUG,5555991584,4.7,1778550779,2026-05-12 04:53:09.083
A340XJYJDFSMUG,B000002URY,4.8,1778550781,2026-05-12 04:53:09.083
A3Q1J7VFGG80EK,5555991584,4.8,1778550785,2026-05-12 04:53:09.083
A2EFCYXHNK06IS,B000002URV,4.8,1778550797,2026-05-12 04:53:38.726
A2EFCYXHNK06IS,5555991584,5.0,1778550803,2026-05-12 04:53:38.726
A1WR23ER5HMAA9,B000002URX,4.6,1778550803,2026-05-12 04:53:38.726
A2V0KUVAB9HSYO,B000002URY,4.8,1778550804,2026-05-12 04:53:38.726
A2IR4Q0GPAFJKW,5555991584,4.8,1778550808,2026-05-12 04:53:38.726
A1J0GL9HCA7ELW,B000002URY,4.8,1778550809,2026-05-12 04:53:38.726
A2IR4Q0GPAFJKW,5555991584,4.7,1778550813,2026-05-12 04:53:38.726
A2V0KUVAB9HSYO,B000002URW,4.9,1778550789,2026-05-12 04:53:38.726
A2EFCYXHNK06IS,B000002URW,4.6,1778550789,2026-05-12 04:53:38.726
A1WR23ER5HMAA9,B000002URY,4.9,1778550791,2026-05-12 04:53:38.726
A1J0GL9HCA7ELW,B000002URW,4.8,1778550793,2026-05-12 04:53:38.726
A1J0GL9HCA7ELW,B000002URV,4.8,1778550794,2026-05-12 04:53:38.726
A1WR23ER5HMAA9,5555991584,4.6,1778550795,2026-05-12 04:53:38.726
A2EFCYXHNK06IS,B000002URX,4.7,1778550798,2026-05-12 04:53:38.726
A340XJYJDFSMUG,B000002URX,4.8,1778550805,2026-05-12 04:53:38.726
A2EFCYXHNK06IS,B000002URV,4.7,1778550806,2026-05-12 04:53:38.726
A3Q1J7VFGG80EK,B000002URY,4.6,1778550807,2026-05-12 04:53:38.726
A340XJYJDFSMUG,B000002URV,4.8,1778550810,2026-05-12 04:53:38.726
A1J0GL9HCA7ELW,B000002URX,4.6,1778550813,2026-05-12 04:53:38.726
A1WR23ER5HMAA9,B000002URX,4.7,1778550821,2026-05-12 04:54:05.227
A2V0KUVAB9HSYO,B000002URX,4.9,1778550829,2026-05-12 04:54:05.227
A340XJYJDFSMUG,B000002URY,4.7,1778550832,2026-05-12 04:54:05.227
A340XJYJDFSMUG,B000002URY,4.6,1778550838,2026-05-12 04:54:05.227
A1WR23ER5HMAA9,B000002URW,4.8,1778550842,2026-05-12 04:54:05.227
A3EBHHCHO6V2A4,B000002URV,4.8,1778550842,2026-05-12 04:54:05.227
A2IR4Q0GPAFJKW,5555991584,4.7,1778550844,2026-05-12 04:54:05.227
A2IR4Q0GPAFJKW,5555991584,5.0,1778550819,2026-05-12 04:54:05.227
A2V0KUVAB9HSYO,B000002URW,4.7,1778550819,2026-05-12 04:54:05.227
A1J0GL9HCA7ELW,B000002URW,4.7,1778550825,2026-05-12 04:54:05.227
A340XJYJDFSMUG,B000002URW,4.7,1778550825,2026-05-12 04:54:05.227
A3EBHHCHO6V2A4,B000002URY,4.9,1778550833,2026-05-12 04:54:05.227
A1WR23ER5HMAA9,B000002URW,5.0,1778550833,2026-05-12 04:54:05.227
A3EBHHCHO6V2A4,B000002URX,4.9,1778550835,2026-05-12 04:54:05.227
A2EFCYXHNK06IS,B000002URY,4.9,1778550839,2026-05-12 04:54:05.227
A2IR4Q0GPAFJKW,B000002URY,4.8,1778550840,2026-05-12 04:54:05.227
A3Q1J7VFGG80EK,B000002URY,4.9,1778550845,2026-05-12 04:54:34.731
A2V0KUVAB9HSYO,5555991584,5.0,1778550859,2026-05-12 04:54:34.731
A3EBHHCHO6V2A4,5555991584,4.8,1778550860,2026-05-12 04:54:34.731
A1J0GL9HCA7ELW,B000002URV,4.7,1778550864,2026-05-12 04:54:34.731
A3Q1J7VFGG80EK,B000002URW,5.0,1778550855,2026-05-12 04:54:34.731
A2IR4Q0GPAFJKW,5555991584,4.9,1778550856,2026-05-12 04:54:34.731
A340XJYJDFSMUG,B000002URV,4.7,1778550862,2026-05-12 04:54:34.731
A1WR23ER5HMAA9,B000002URY,4.9,1778550862,2026-05-12 04:54:34.731
A1WR23ER5HMAA9,B000002URY,4.6,1778550865,2026-05-12 04:54:34.731
A2IR4Q0GPAFJKW,B000002URY,4.9,1778550876,2026-05-12 04:55:08.449
A3Q1J7VFGG80EK,5555991584,5.0,1778550886,2026-05-12 04:55:08.449
A2EFCYXHNK06IS,B000002URX,4.8,1778550889,2026-05-12 04:55:08.449
A2EFCYXHNK06IS,B000002URW,4.9,1778550891,2026-05-12 04:55:08.449
A1J0GL9HCA7ELW,B000002URY,4.9,1778550899,2026-05-12 04:55:08.449
A3Q1J7VFGG80EK,B000002URW,4.8,1778550901,2026-05-12 04:55:08.449
A1WR23ER5HMAA9,B000002URV,4.9,1778550903,2026-05-12 04:55:08.449
A2IR4Q0GPAFJKW,B000002URX,4.6,1778550904,2026-05-12 04:55:08.449
A2V0KUVAB9HSYO,B000002URW,4.9,1778550877,2026-05-12 04:55:08.449
A3EBHHCHO6V2A4,B000002URW,4.6,1778550879,2026-05-12 04:55:08.449
A1WR23ER5HMAA9,B000002URX,4.6,1778550886,2026-05-12 04:55:08.449
A2EFCYXHNK06IS,5555991584,4.8,1778550887,2026-05-12 04:55:08.449
A1WR23ER5HMAA9,5555991584,4.8,1778550894,2026-05-12 04:55:08.449
A3Q1J7VFGG80EK,B000002URV,4.6,1778550900,2026-05-12 04:55:08.449
A2IR4Q0GPAFJKW,B000002URV,4.7,1778550904,2026-05-12 04:55:08.449
A2V0KUVAB9HSYO,B000002URV,4.9,1778550912,2026-05-12 04:55:44.855
A2EFCYXHNK06IS,B000002URW,4.8,1778550918,2026-05-12 04:55:44.855
A1WR23ER5HMAA9,B000002URY,4.6,1778550922,2026-05-12 04:55:44.855
A1J0GL9HCA7ELW,5555991584,4.7,1778550923,2026-05-12 04:55:44.855
A2V0KUVAB9HSYO,5555991584,4.6,1778550926,2026-05-12 04:55:44.855
A340XJYJDFSMUG,B000002URX,4.8,1778550942,2026-05-12 04:55:44.855
A2IR4Q0GPAFJKW,5555991584,4.7,1778550910,2026-05-12 04:55:44.855
A1J0GL9HCA7ELW,B000002URW,4.6,1778550914,2026-05-12 04:55:44.855
A2EFCYXHNK06IS,5555991584,5.0,1778550920,2026-05-12 04:55:44.855
A3EBHHCHO6V2A4,B000002URV,4.8,1778550924,2026-05-12 04:55:44.855
A2IR4Q0GPAFJKW,B000002URV,4.6,1778550931,2026-05-12 04:55:44.855
A1WR23ER5HMAA9,B000002URX,4.9,1778550941,2026-05-12 04:55:44.855
A2EFCYXHNK06IS,B000002URX,4.8,1778550952,2026-05-12 04:56:19.008
A3Q1J7VFGG80EK,B000002URX,5.0,1778550960,2026-05-12 04:56:19.008
A3Q1J7VFGG80EK,B000002URY,4.7,1778550963,2026-05-12 04:56:19.008
A2EFCYXHNK06IS,B000002URX,4.6,1778550963,2026-05-12 04:56:19.008
A2V0KUVAB9HSYO,B000002URX,4.6,1778550964,2026-05-12 04:56:19.008
A2IR4Q0GPAFJKW,B000002URW,4.8,1778550966,2026-05-12 04:56:19.008
A3Q1J7VFGG80EK,B000002URX,4.9,1778550945,2026-05-12 04:56:19.008
A1WR23ER5HMAA9,B000002URY,4.9,1778550946,2026-05-12 04:56:19.008
A3EBHHCHO6V2A4,5555991584,4.9,1778550947,2026-05-12 04:56:19.008
A2EFCYXHNK06IS,B000002URW,4.9,1778550948,2026-05-12 04:56:19.008
A1WR23ER5HMAA9,5555991584,4.8,1778550950,2026-05-12 04:56:19.008
A2EFCYXHNK06IS,5555991584,5.0,1778550952,2026-05-12 04:56:19.008
A3Q1J7VFGG80EK,B000002URX,4.6,1778550959,2026-05-12 04:56:19.008
A3Q1J7VFGG80EK,5555991584,4.6,1778550962,2026-05-12 04:56:19.008
A2V0KUVAB9HSYO,B000002URW,4.9,1778550968,2026-05-12 04:56:19.008
A340XJYJDFSMUG,B000002URX,5.0,1778550974,2026-05-12 04:56:19.008
A2IR4Q0GPAFJKW,B000002URX,4.9,1778550974,2026-05-12 04:56:19.008
A3EBHHCHO6V2A4,B000002URW,4.6,1778550979,2026-05-12 04:56:56.882
A3EBHHCHO6V2A4,B000002URV,4.6,1778550987,2026-05-12 04:56:56.882
A2EFCYXHNK06IS,5555991584,4.9,1778550988,2026-05-12 04:56:56.882
A1J0GL9HCA7ELW,B000002URW,4.9,1778550993,2026-05-12 04:56:56.882
A3EBHHCHO6V2A4,5555991584,4.9,1778550995,2026-05-12 04:56:56.882
A3Q1J7VFGG80EK,B000002URV,4.7,1778550999,2026-05-12 04:56:56.882
A2IR4Q0GPAFJKW,5555991584,4.7,1778551011,2026-05-12 04:56:56.882
A2V0KUVAB9HSYO,B000002URV,4.9,1778551014,2026-05-12 04:56:56.882
A3EBHHCHO6V2A4,B000002URV,4.8,1778550991,2026-05-12 04:56:56.882
A1J0GL9HCA7ELW,B000002URX,4.7,1778550994,2026-05-12 04:56:56.882
A1J0GL9HCA7ELW,B000002URX,4.6,1778550998,2026-05-12 04:56:56.882
A3Q1J7VFGG80EK,B000002URV,4.6,1778550998,2026-05-12 04:56:56.882
A1J0GL9HCA7ELW,B000002URY,4.9,1778551006,2026-05-12 04:56:56.882
A1J0GL9HCA7ELW,B000002URY,4.6,1778551008,2026-05-12 04:56:56.882
A1J0GL9HCA7ELW,B000002URV,4.9,1778551015,2026-05-12 04:56:56.882
A3EBHHCHO6V2A4,5555991584,4.9,1778551028,2026-05-12 04:57:47.735
A2V0KUVAB9HSYO,B000002URX,4.9,1778551032,2026-05-12 04:57:47.735
A2V0KUVAB9HSYO,B000002URX,4.6,1778551035,2026-05-12 04:57:47.735
A3Q1J7VFGG80EK,B000002URV,5.0,1778551042,2026-05-12 04:57:47.735
A3Q1J7VFGG80EK,B000002URY,4.8,1778551046,2026-05-12 04:57:47.735
A340XJYJDFSMUG,B000002URW,4.8,1778551057,2026-05-12 04:57:47.735
A2EFCYXHNK06IS,B000002URV,4.6,1778551065,2026-05-12 04:57:47.735
A340XJYJDFSMUG,B000002URW,4.8,1778551065,2026-05-12 04:57:47.735
A3Q1J7VFGG80EK,B000002URY,4.6,1778551066,2026-05-12 04:57:47.735
A3Q1J7VFGG80EK,B000002URV,4.9,1778551067,2026-05-12 04:57:47.735
A3EBHHCHO6V2A4,5555991584,4.8,1778551020,2026-05-12 04:57:47.735
A2IR4Q0GPAFJKW,B000002URY,4.9,1778551023,2026-05-12 04:57:47.735
A340XJYJDFSMUG,B000002URW,4.9,1778551026,2026-05-12 04:57:47.735
A1WR23ER5HMAA9,B000002URY,4.7,1778551027,2026-05-12 04:57:47.735
A2V0KUVAB9HSYO,B000002URY,4.8,1778551029,2026-05-12 04:57:47.735
A3EBHHCHO6V2A4,B000002URY,4.9,1778551039,2026-05-12 04:57:47.735
A1J0GL9HCA7ELW,B000002URV,4.6,1778551044,2026-05-12 04:57:47.735
A2EFCYXHNK06IS,B000002URY,4.9,1778551045,2026-05-12 04:57:47.735
A3Q1J7VFGG80EK,B000002URW,4.6,1778551059,2026-05-12 04:57:47.735
A1J0GL9HCA7ELW,B000002URW,4.6,1778551060,2026-05-12 04:57:47.735
A2V0KUVAB9HSYO,5555991584,4.9,1778551301,2026-05-12 05:01:42.103
A1WR23ER5HMAA9,B000002URV,4.7,1778551306,2026-05-12 05:02:38.250
A2EFCYXHNK06IS,B000002URV,4.7,1778551307,2026-05-12 05:02:38.250
A2IR4Q0GPAFJKW,B000002URV,4.9,1778551308,2026-05-12 05:02:38.250
A2EFCYXHNK06IS,B000002URX,4.6,1778551314,2026-05-12 05:02:38.250
A3Q1J7VFGG80EK,5555991584,4.6,1778551319,2026-05-12 05:02:38.250
A340XJYJDFSMUG,B000002URX,4.8,1778551321,2026-05-12 05:02:38.250
A3Q1J7VFGG80EK,B000002URW,4.9,1778551323,2026-05-12 05:02:38.250
A3Q1J7VFGG80EK,5555991584,5.0,1778551326,2026-05-12 05:02:38.250
A1WR23ER5HMAA9,B000002URV,4.8,1778551327,2026-05-12 05:02:38.250
A3EBHHCHO6V2A4,B000002URX,4.6,1778551328,2026-05-12 05:02:38.250
A340XJYJDFSMUG,B000002URW,4.8,1778551330,2026-05-12 05:02:38.250
A340XJYJDFSMUG,B000002URV,4.6,1778551332,2026-05-12 05:02:38.250
A2V0KUVAB9HSYO,B000002URV,4.9,1778551336,2026-05-12 05:02:38.250
A1WR23ER5HMAA9,B000002URV,4.9,1778551356,2026-05-12 05:02:38.250
A340XJYJDFSMUG,B000002URY,4.8,1778551304,2026-05-12 05:02:38.250
A3EBHHCHO6V2A4,B000002URY,4.9,1778551312,2026-05-12 05:02:38.250
A340XJYJDFSMUG,5555991584,5.0,1778551313,2026-05-12 05:02:38.250
A1WR23ER5HMAA9,B000002URW,4.6,1778551322,2026-05-12 05:02:38.250
A2EFCYXHNK06IS,B000002URY,4.6,1778551322,2026-05-12 05:02:38.250
A3Q1J7VFGG80EK,B000002URV,4.6,1778551332,2026-05-12 05:02:38.250
A3EBHHCHO6V2A4,B000002URY,4.7,1778551333,2026-05-12 05:02:38.250
A3EBHHCHO6V2A4,B000002URX,4.9,1778551340,2026-05-12 05:02:38.250
A340XJYJDFSMUG,B000002URX,4.6,1778551342,2026-05-12 05:02:38.250
A1J0GL9HCA7ELW,B000002URX,4.9,1778551343,2026-05-12 05:02:38.250
A3EBHHCHO6V2A4,B000002URY,4.6,1778551347,2026-05-12 05:02:38.250
A1WR23ER5HMAA9,5555991584,4.9,1778551349,2026-05-12 05:02:38.250
A1J0GL9HCA7ELW,B000002URY,4.9,1778551357,2026-05-12 05:02:38.250
A340XJYJDFSMUG,B000002URW,4.6,1778551365,2026-05-12 05:03:11.664
A2EFCYXHNK06IS,5555991584,4.9,1778551377,2026-05-12 05:03:11.664
A340XJYJDFSMUG,B000002URX,4.9,1778551380,2026-05-12 05:03:11.664
A3EBHHCHO6V2A4,B000002URX,5.0,1778551383,2026-05-12 05:03:11.664
A1WR23ER5HMAA9,B000002URW,4.8,1778551358,2026-05-12 05:03:11.664
A2IR4Q0GPAFJKW,B000002URV,4.8,1778551362,2026-05-12 05:03:11.664
A2IR4Q0GPAFJKW,B000002URW,4.7,1778551364,2026-05-12 05:03:11.664
A2EFCYXHNK06IS,B000002URW,4.7,1778551365,2026-05-12 05:03:11.664
A2EFCYXHNK06IS,B000002URY,5.0,1778551374,2026-05-12 05:03:11.664
A340XJYJDFSMUG,B000002URV,4.7,1778551385,2026-05-12 05:03:11.664
A1J0GL9HCA7ELW,B000002URX,4.8,1778551386,2026-05-12 05:03:11.664
A3Q1J7VFGG80EK,B000002URX,4.7,1778551387,2026-05-12 05:03:11.664
A2EFCYXHNK06IS,B000002URW,4.8,1778551399,2026-05-12 05:04:04.764
A2IR4Q0GPAFJKW,B000002URX,4.7,1778551400,2026-05-12 05:04:04.764
A2V0KUVAB9HSYO,B000002URV,4.8,1778551407,2026-05-12 05:04:04.764
A2EFCYXHNK06IS,B000002URV,4.8,1778551408,2026-05-12 05:04:04.764
A2IR4Q0GPAFJKW,B000002URV,4.9,1778551420,2026-05-12 05:04:04.764
A1WR23ER5HMAA9,B000002URW,4.7,1778551423,2026-05-12 05:04:04.764
A2IR4Q0GPAFJKW,B000002URW,4.7,1778551443,2026-05-12 05:04:04.764
A2V0KUVAB9HSYO,B000002URY,4.6,1778551393,2026-05-12 05:04:04.764
A2IR4Q0GPAFJKW,B000002URX,4.8,1778551409,2026-05-12 05:04:04.764
A3EBHHCHO6V2A4,B000002URW,4.9,1778551413,2026-05-12 05:04:04.764
A2V0KUVAB9HSYO,B000002URX,5.0,1778551422,2026-05-12 05:04:04.764
A1J0GL9HCA7ELW,B000002URY,4.7,1778551430,2026-05-12 05:04:04.764
A340XJYJDFSMUG,B000002URX,4.6,1778551432,2026-05-12 05:04:04.764
A2EFCYXHNK06IS,B000002URY,4.9,1778551436,2026-05-12 05:04:04.764
A2IR4Q0GPAFJKW,B000002URX,5.0,1778551444,2026-05-12 05:04:36.102
A3EBHHCHO6V2A4,B000002URX,4.9,1778551447,2026-05-12 05:04:36.102
A2EFCYXHNK06IS,B000002URV,4.6,1778551449,2026-05-12 05:04:36.102
A3Q1J7VFGG80EK,5555991584,4.9,1778551453,2026-05-12 05:04:36.102
A3Q1J7VFGG80EK,B000002URX,4.7,1778551454,2026-05-12 05:04:36.102
A3Q1J7VFGG80EK,B000002URV,5.0,1778551455,2026-05-12 05:04:36.102
A2IR4Q0GPAFJKW,B000002URX,4.7,1778551462,2026-05-12 05:04:36.102
A2V0KUVAB9HSYO,B000002URW,4.7,1778551465,2026-05-12 05:04:36.102
A2EFCYXHNK06IS,5555991584,4.8,1778551467,2026-05-12 05:04:36.102
A2V0KUVAB9HSYO,B000002URW,5.0,1778551470,2026-05-12 05:04:36.102
A3EBHHCHO6V2A4,5555991584,4.7,1778551474,2026-05-12 05:04:36.102
A2EFCYXHNK06IS,5555991584,4.7,1778551457,2026-05-12 05:04:36.102
A3Q1J7VFGG80EK,B000002URX,5.0,1778551464,2026-05-12 05:04:36.102
A2V0KUVAB9HSYO,B000002URW,4.8,1778551466,2026-05-12 05:04:36.102
A2EFCYXHNK06IS,B000002URY,4.9,1778551467,2026-05-12 05:04:36.102
A3Q1J7VFGG80EK,B000002URY,4.6,1778551468,2026-05-12 05:04:36.102
A2IR4Q0GPAFJKW,5555991584,4.8,1778551471,2026-05-12 05:04:36.102
A3Q1J7VFGG80EK,B000002URY,4.8,1778551473,2026-05-12 05:04:36.102
A340XJYJDFSMUG,B000002URY,5.0,1778551475,2026-05-12 05:04:36.102
A2V0KUVAB9HSYO,B000002URV,4.7,1778551482,2026-05-12 05:05:11.801
A340XJYJDFSMUG,B000002URY,4.8,1778551494,2026-05-12 05:05:11.801
A1WR23ER5HMAA9,B000002URY,5.0,1778551499,2026-05-12 05:05:11.801
A340XJYJDFSMUG,B000002URX,5.0,1778551501,2026-05-12 05:05:11.801
A2EFCYXHNK06IS,B000002URW,4.9,1778551507,2026-05-12 05:05:11.801
A3EBHHCHO6V2A4,B000002URX,4.7,1778551477,2026-05-12 05:05:11.801
A340XJYJDFSMUG,B000002URX,4.6,1778551489,2026-05-12 05:05:11.801
A2V0KUVAB9HSYO,B000002URY,4.6,1778551494,2026-05-12 05:05:11.801
A2IR4Q0GPAFJKW,B000002URV,4.9,1778551495,2026-05-12 05:05:11.801
A3Q1J7VFGG80EK,B000002URV,5.0,1778551496,2026-05-12 05:05:11.801
A3Q1J7VFGG80EK,B000002URY,4.6,1778551498,2026-05-12 05:05:11.801
A340XJYJDFSMUG,B000002URX,4.7,1778551498,2026-05-12 05:05:11.801
A2IR4Q0GPAFJKW,B000002URW,5.0,1778551509,2026-05-12 05:05:11.801
A340XJYJDFSMUG,B000002URX,4.6,1778551512,2026-05-12 05:05:46.734
A2EFCYXHNK06IS,B000002URV,4.7,1778551516,2026-05-12 05:05:46.734
A1WR23ER5HMAA9,B000002URX,4.7,1778551517,2026-05-12 05:05:46.734
A1WR23ER5HMAA9,B000002URY,4.7,1778551518,2026-05-12 05:05:46.734
A340XJYJDFSMUG,5555991584,4.7,1778551520,2026-05-12 05:05:46.734
A2IR4Q0GPAFJKW,B000002URV,4.9,1778551521,2026-05-12 05:05:46.734
A2IR4Q0GPAFJKW,B000002URV,4.9,1778551523,2026-05-12 05:05:46.734
A3Q1J7VFGG80EK,B000002URX,4.9,1778551527,2026-05-12 05:05:46.734
A3EBHHCHO6V2A4,5555991584,4.9,1778551527,2026-05-12 05:05:46.734
A2EFCYXHNK06IS,5555991584,4.9,1778551533,2026-05-12 05:05:46.734
A3Q1J7VFGG80EK,B000002URX,4.8,1778551534,2026-05-12 05:05:46.734
A1J0GL9HCA7ELW,B000002URX,4.8,1778551534,2026-05-12 05:05:46.734
A2V0KUVAB9HSYO,B000002URY,4.7,1778551541,2026-05-12 05:05:46.734
A2EFCYXHNK06IS,B000002URW,4.7,1778551514,2026-05-12 05:05:46.734
A1J0GL9HCA7ELW,B000002URX,4.7,1778551526,2026-05-12 05:05:46.734
A340XJYJDFSMUG,5555991584,5.0,1778551530,2026-05-12 05:05:46.734
A3EBHHCHO6V2A4,B000002URV,4.9,1778551535,2026-05-12 05:05:46.734
A3Q1J7VFGG80EK,5555991584,4.9,1778551535,2026-05-12 05:05:46.734
A1WR23ER5HMAA9,B000002URY,4.7,1778551536,2026-05-12 05:05:46.734
A2EFCYXHNK06IS,B000002URX,4.7,1778551542,2026-05-12 05:05:46.734
A3Q1J7VFGG80EK,B000002URY,5.0,1778551543,2026-05-12 05:05:46.734
A3Q1J7VFGG80EK,B000002URV,4.6,1778551558,2026-05-12 05:06:13.898
A2V0KUVAB9HSYO,B000002URX,4.6,1778551558,2026-05-12 05:06:13.898
A2V0KUVAB9HSYO,B000002URX,4.8,1778551559,2026-05-12 05:06:13.898
A3EBHHCHO6V2A4,B000002URW,4.8,1778551560,2026-05-12 05:06:13.898
A1WR23ER5HMAA9,B000002URW,4.7,1778551560,2026-05-12 05:06:13.898
A1J0GL9HCA7ELW,B000002URX,4.8,1778551564,2026-05-12 05:06:13.898
A2EFCYXHNK06IS,B000002URV,4.9,1778551566,2026-05-12 05:06:13.898
A340XJYJDFSMUG,B000002URV,4.6,1778551568,2026-05-12 05:06:13.898
A1WR23ER5HMAA9,B000002URX,4.8,1778551570,2026-05-12 05:06:13.898
A1WR23ER5HMAA9,5555991584,4.8,1778551570,2026-05-12 05:06:13.898
A340XJYJDFSMUG,B000002URX,4.7,1778551573,2026-05-12 05:06:13.898
A1WR23ER5HMAA9,B000002URV,4.6,1778551556,2026-05-12 05:06:13.898
A1J0GL9HCA7ELW,B000002URY,4.6,1778551562,2026-05-12 05:06:13.898
A2V0KUVAB9HSYO,B000002URX,4.6,1778551571,2026-05-12 05:06:13.898
A2V0KUVAB9HSYO,5555991584,4.7,1778551571,2026-05-12 05:06:13.898
A3Q1J7VFGG80EK,B000002URY,4.6,1778551591,2026-05-12 05:07:02.512
A2V0KUVAB9HSYO,B000002URY,4.7,1778551595,2026-05-12 05:07:02.512
A340XJYJDFSMUG,5555991584,4.8,1778551595,2026-05-12 05:07:02.512
A340XJYJDFSMUG,B000002URX,4.8,1778551596,2026-05-12 05:07:02.512
A1WR23ER5HMAA9,B000002URV,4.9,1778551599,2026-05-12 05:07:02.512
A1J0GL9HCA7ELW,B000002URV,4.7,1778551600,2026-05-12 05:07:02.512
A2EFCYXHNK06IS,B000002URX,4.8,1778551606,2026-05-12 05:07:02.512
A1WR23ER5HMAA9,B000002URW,5.0,1778551608,2026-05-12 05:07:02.512
A340XJYJDFSMUG,B000002URX,4.6,1778551610,2026-05-12 05:07:02.512
A1J0GL9HCA7ELW,B000002URX,4.8,1778551611,2026-05-12 05:07:02.512
A2V0KUVAB9HSYO,B000002URY,4.8,1778551620,2026-05-12 05:07:02.512
A2V0KUVAB9HSYO,B000002URV,4.6,1778551587,2026-05-12 05:07:02.512
A340XJYJDFSMUG,B000002URW,4.8,1778551593,2026-05-12 05:07:02.512
A340XJYJDFSMUG,5555991584,4.9,1778551594,2026-05-12 05:07:02.512
A1WR23ER5HMAA9,5555991584,4.9,1778551596,2026-05-12 05:07:02.512
A2IR4Q0GPAFJKW,B000002URX,4.9,1778551599,2026-05-12 05:07:02.512
A340XJYJDFSMUG,5555991584,4.7,1778551609,2026-05-12 05:07:02.512
